# Derived from the Lefff (Lexique des formes fléchies du français, Benoît Sagot, Inria), distributed under the LGPL-LR licence. See THIRD_PARTY_NOTICES.md.
abattre	abats|abats|abat|abattons|abattez|abattent	abattr	abattu
absoudre	absous|absous|absout|absolvons|absolvez|absolvent	absoudr	absous
abstenir	abstiens|abstiens|abstient|abstenons|abstenez|abstiennent	abstiendr	abstenu
abstraire	abstrais|abstrais|abstrait|abstrayons|abstrayez|abstraient	abstrair	abstrait
accourir	accours|accours|accourt|accourons|accourez|accourent	accourr	accouru
accroître	accrois|accrois|accroît|accroissons|accroissez|accroissent	accroîtr	accrû
accueillir	accueille|accueilles|accueille|accueillons|accueillez|accueillent	accueiller	accueilli
acheter	achète|achètes|achète|achetons|achetez|achètent	achèter	acheté
acquérir	acquiers|acquiers|acquiert|acquérons|acquérez|acquièrent	acquerr	acquis
adjoindre	adjoins|adjoins|adjoint|adjoignons|adjoignez|adjoignent	adjoindr	adjoint
admettre	admets|admets|admet|admettons|admettez|admettent	admettr	admis
advenir	adviens|adviens|advient|advenons|advenez|adviennent	adviendr	advenu
aller	vais|vas|va|allons|allez|vont	ir	allé
amuïr	amuïs|amuïs|amuït|amuïssons|amuïssez|amuïssent	amuïr	amuï
annexer	annexe|annexes|annexe|annexons|annexez|annexent	annexer	annexé
apercevoir	aperçois|aperçois|aperçoit|apercevons|apercevez|aperçoivent	apercevr	aperçu
apparaître	apparais|apparais|apparaît|apparaissons|apparaissez|apparaissent	apparaîtr	apparu
appartenir	appartiens|appartiens|appartient|appartenons|appartenez|appartiennent	appartiendr	appartenu
appendre	appends|appends|append|appendons|appendez|appendent	appendr	appendu
apprendre	apprends|apprends|apprend|apprenons|apprenez|apprennent	apprendr	appris
assaillir	assaille|assailles|assaille|assaillons|assaillez|assaillent	assaillir	assailli
asseoir	assois|assois|assoit|assoyons|assoyez|assoient	assoir	assis
astreindre	astreins|astreins|astreint|astreignons|astreignez|astreignent	astreindr	astreint
atteindre	atteins|atteins|atteint|atteignons|atteignez|atteignent	atteindr	atteint
attendre	attends|attends|attend|attendons|attendez|attendent	attendr	attendu
autoconstruire	autoconstruis|autoconstruis|autoconstruit|autoconstruisons|autoconstruisez|autoconstruisent	autoconstruir	autoconstruit
autodétruire	autodétruis|autodétruis|autodétruit|autodétruisons|autodétruisez|autodétruisent	autodétruir	autodétruit
autoproduire	autoproduis|autoproduis|autoproduit|autoproduisons|autoproduisez|autoproduisent	autoproduir	autoproduit
autoreproduire	autoreproduis|autoreproduis|autoreproduit|autoreproduisons|autoreproduisez|autoreproduisent	autoreproduir	autoreproduit
autorevendre	autorevends|autorevends|autorevend|autorevendons|autorevendez|autorevendent	autorevendr	autorevendu
autosuffire	autosuffis|autosuffis|autosuffit|autosuffisons|autosuffisez|autosuffisent	autosuffir	autosuffi
avoir	ai|as|a|avons|avez|ont	aur	eu
battre	bats|bats|bat|battons|battez|battent	battr	battu
becqueter	becquète|becquètes|becquète|becquetons|becquetez|becquètent	becquèter	becqueté
boire	bois|bois|boit|buvons|buvez|boivent	boir	bu
bouillir	bous|bous|bout|bouillons|bouillez|bouillent	bouillir	bouilli
braire	brais|brais|brait|brayons|brayez|braient	brair	brait
ceindre	ceins|ceins|ceint|ceignons|ceignez|ceignent	ceindr	ceint
celer	cèle|cèles|cèle|celons|celez|cèlent	cèler	celé
circoncire	circoncis|circoncis|circoncit|circoncisons|circoncisez|circoncisent	circoncir	circoncis
circonscrire	circonscris|circonscris|circonscrit|circonscrivons|circonscrivez|circonscrivent	circonscrir	circonscrit
circonvenir	circonviens|circonviens|circonvient|circonvenons|circonvenez|circonviennent	circonviendr	circonvenu
ciseler	cisèle|cisèles|cisèle|ciselons|ciselez|cisèlent	cisèler	ciselé
combattre	combats|combats|combat|combattons|combattez|combattent	combattr	combattu
commettre	commets|commets|commet|commettons|commettez|commettent	commettr	commis
comparaître	comparais|comparais|comparaît|comparaissons|comparaissez|comparaissent	comparaîtr	comparu
complaire	complais|complais|complaît|complaisons|complaisez|complaisent	complair	complu
complexer	complexe|complexes|complexe|complexons|complexez|complexent	complexer	complexé
comprendre	comprends|comprends|comprend|comprenons|comprenez|comprennent	comprendr	compris
compromettre	compromets|compromets|compromet|compromettons|compromettez|compromettent	compromettr	compromis
concevoir	conçois|conçois|conçoit|concevons|concevez|conçoivent	concevr	conçu
conclure	conclus|conclus|conclut|concluons|concluez|concluent	conclur	conclu
concourir	concours|concours|concourt|concourons|concourez|concourent	concourr	concouru
condescendre	condescends|condescends|condescend|condescendons|condescendez|condescendent	condescendr	condescendu
conduire	conduis|conduis|conduit|conduisons|conduisez|conduisent	conduir	conduit
confire	confis|confis|confit|confisons|confisez|confisent	confir	confit
confondre	confonds|confonds|confond|confondons|confondez|confondent	confondr	confondu
congeler	congèle|congèles|congèle|congelons|congelez|congèlent	congèler	congelé
conjoindre	conjoins|conjoins|conjoint|conjoignons|conjoignez|conjoignent	conjoindr	conjoint
connaître	connais|connais|connaît|connaissons|connaissez|connaissent	connaîtr	connu
conquérir	conquiers|conquiers|conquiert|conquérons|conquérez|conquièrent	conquerr	conquis
consentir	consens|consens|consent|consentons|consentez|consentent	consentir	consenti
construire	construis|construis|construit|construisons|construisez|construisent	construir	construit
contenir	contiens|contiens|contient|contenons|contenez|contiennent	contiendr	contenu
contraindre	contrains|contrains|contraint|contraignons|contraignez|contraignent	contraindr	contraint
contrebattre	contrebats|contrebats|contrebat|contrebattons|contrebattez|contrebattent	contrebattr	contrebattu
contredire	contredis|contredis|contredit|contredisons|contredisez|contredisent	contredir	contredit
contrefaire	contrefais|contrefais|contrefait|contrefaisons|contrefaites|contrefont	contrefer	contrefait
contrefoutre	contrefous|contrefous|contrefout|contrefoutons|contrefoutez|contrefoutent	contrefoutr	contrefoutu
contrevenir	contreviens|contreviens|contrevient|contrevenons|contrevenez|contreviennent	contreviendr	contrevenu
convaincre	convaincs|convaincs|convainc|convainquons|convainquez|convainquent	convaincr	convaincu
convenir	conviens|conviens|convient|convenons|convenez|conviennent	conviendr	convenu
coproduire	coproduis|coproduis|coproduit|coproduisons|coproduisez|coproduisent	coproduir	coproduit
correspondre	corresponds|corresponds|correspond|correspondons|correspondez|correspondent	correspondr	correspondu
corrompre	corromps|corromps|corrompt|corrompons|corrompez|corrompent	corrompr	corrompu
corseter	corsète|corsètes|corsète|corsetons|corsetez|corsètent	corsèter	corseté
coudre	couds|couds|coud|cousons|cousez|cousent	coudr	cousu
courir	cours|cours|court|courons|courez|courent	courr	couru
courrieler	courrièle|courrièles|courrièle|courrielons|courrielez|courrièlent	courrièler	courrielé
couvrir	couvre|couvres|couvre|couvrons|couvrez|couvrent	couvrir	couvert
craindre	crains|crains|craint|craignons|craignez|craignent	craindr	craint
craqueter	craquète|craquètes|craquète|craquetons|craquetez|craquètent	craquèter	craqueté
crocheter	crochète|crochètes|crochète|crochetons|crochetez|crochètent	crochèter	crocheté
croire	crois|crois|croit|croyons|croyez|croient	croir	cru
croître	croîs|croîs|croît|croissons|croissez|croissent	croîtr	crû
cueillir	cueille|cueilles|cueille|cueillons|cueillez|cueillent	cueiller	cueilli
cuire	cuis|cuis|cuit|cuisons|cuisez|cuisent	cuir	cuit
descendre	descends|descends|descend|descendons|descendez|descendent	descendr	descendu
desservir	dessers|dessers|dessert|desservons|desservez|desservent	desservir	desservi
devenir	deviens|deviens|devient|devenons|devenez|deviennent	deviendr	devenu
devoir	dois|dois|doit|devons|devez|doivent	devr	dû
dire	dis|dis|dit|disons|dites|disent	dir	dit
disconvenir	disconviens|disconviens|disconvient|disconvenons|disconvenez|disconviennent	disconviendr	disconvenu
discourir	discours|discours|discourt|discourons|discourez|discourent	discourr	discouru
disjoindre	disjoins|disjoins|disjoint|disjoignons|disjoignez|disjoignent	disjoindr	disjoint
disparaître	disparais|disparais|disparaît|disparaissons|disparaissez|disparaissent	disparaîtr	disparu
dissoudre	dissous|dissous|dissout|dissolvons|dissolvez|dissolvent	dissoudr	dissous
distendre	distends|distends|distend|distendons|distendez|distendent	distendr	distendu
distordre	distords|distords|distord|distordons|distordez|distordent	distordr	distordu
distraire	distrais|distrais|distrait|distrayons|distrayez|distraient	distrair	distrait
dormir	dors|dors|dort|dormons|dormez|dorment	dormir	dormi
débattre	débats|débats|débat|débattons|débattez|débattent	débattr	débattu
débouillir	débous|débous|débout|débouillons|débouillez|débouillent	débouillir	débouilli
débriefer	débriefe|débriefes|débriefe|débriefons|débriefez|débriefent	débriefer	débriefé
déceler	décèle|décèles|décèle|décelons|décelez|décèlent	décèler	décelé
décevoir	déçois|déçois|déçoit|décevons|décevez|déçoivent	décevr	déçu
décliqueter	décliquète|décliquètes|décliquète|décliquetons|décliquetez|décliquètent	décliquèter	décliqueté
décomplexer	décomplexe|décomplexes|décomplexe|décomplexons|décomplexez|décomplexent	décomplexer	décomplexé
déconfire	déconfis|déconfis|déconfit|déconfisons|déconfisez|déconfisent	déconfir	déconfit
décongeler	décongèle|décongèles|décongèle|décongelons|décongelez|décongèlent	décongèler	décongelé
déconstruire	déconstruis|déconstruis|déconstruit|déconstruisons|déconstruisez|déconstruisent	déconstruir	déconstruit
découdre	découds|découds|découd|décousons|décousez|décousent	découdr	décousu
découvrir	découvre|découvres|découvre|découvrons|découvrez|découvrent	découvrir	découvert
décrire	décris|décris|décrit|décrivons|décrivez|décrivent	décrir	décrit
décroître	décrois|décrois|décroît|décroissons|décroissez|décroissent	décroîtr	décrû
dédire	dédis|dédis|dédit|dédisons|dédisez|dédisent	dédir	dédit
déduire	déduis|déduis|déduit|déduisons|déduisez|déduisent	déduir	déduit
défaillir	défaille|défailles|défaille|défaillons|défaillez|défaillent	défaillir	défailli
défaire	défais|défais|défait|défaisons|défaites|défont	défer	défait
défendre	défends|défends|défend|défendons|défendez|défendent	défendr	défendu
dégeler	dégèle|dégèles|dégèle|dégelons|dégelez|dégèlent	dégèler	dégelé
démanteler	démantèle|démantèles|démantèle|démantelons|démantelez|démantèlent	démantèler	démantelé
démentir	démens|démens|dément|démentons|démentez|démentent	démentir	démenti
démettre	démets|démets|démet|démettons|démettez|démettent	démettr	démis
démordre	démords|démords|démord|démordons|démordez|démordent	démordr	démordu
dépaqueter	dépaquète|dépaquètes|dépaquète|dépaquetons|dépaquetez|dépaquètent	dépaquèter	dépaqueté
départir	dépars|dépars|départ|départons|départez|départent	départir	départi
dépeindre	dépeins|dépeins|dépeint|dépeignons|dépeignez|dépeignent	dépeindr	dépeint
dépendre	dépends|dépends|dépend|dépendons|dépendez|dépendent	dépendr	dépendu
déplaire	déplais|déplais|déplaît|déplaisons|déplaisez|déplaisent	déplair	déplu
dépourvoir	dépourvois|dépourvois|dépourvoit|dépourvoyons|dépourvoyez|dépourvoient	dépourvoir	dépourvu
déprendre	déprends|déprends|déprend|déprenons|déprenez|déprennent	déprendr	dépris
dépuceler	dépucèle|dépucèles|dépucèle|dépucelons|dépucelez|dépucèlent	dépucèler	dépucelé
désapprendre	désapprends|désapprends|désapprend|désapprenons|désapprenez|désapprennent	désapprendr	désappris
déteindre	déteins|déteins|déteint|déteignons|déteignez|déteignent	déteindr	déteint
détendre	détends|détends|détend|détendons|détendez|détendent	détendr	détendu
détenir	détiens|détiens|détient|détenons|détenez|détiennent	détiendr	détenu
détordre	détords|détords|détord|détordons|détordez|détordent	détordr	détordu
détruire	détruis|détruis|détruit|détruisons|détruisez|détruisent	détruir	détruit
dévêtir	dévêts|dévêts|dévêtit|dévêtons|dévêtez|dévêtent	dévêtir	dévêtu
embattre	embats|embats|embat|embattons|embattez|embattent	embattr	embattu
empaqueter	empaquète|empaquètes|empaquète|empaquetons|empaquetez|empaquètent	empaquèter	empaqueté
empreindre	empreins|empreins|empreint|empreignons|empreignez|empreignent	empreindr	empreint
enamourer	enameure|enameures|enameure|enamourons|enamourez|enameurent	enamourer	enamouré
enceindre	enceins|enceins|enceint|enceignons|enceignez|enceignent	enceindr	enceint
encourir	encours|encours|encourt|encourons|encourez|encourent	encourr	encouru
endormir	endors|endors|endort|endormons|endormez|endorment	endormir	endormi
enduire	enduis|enduis|enduit|enduisons|enduisez|enduisent	enduir	enduit
enfreindre	enfreins|enfreins|enfreint|enfreignons|enfreignez|enfreignent	enfreindr	enfreint
enfuir	enfuis|enfuis|enfuit|enfuyons|enfuyez|enfuient	enfuir	enfui
enjoindre	enjoins|enjoins|enjoint|enjoignons|enjoignez|enjoignent	enjoindr	enjoint
enquérir	enquiers|enquiers|enquiert|enquérons|enquérez|enquièrent	enquerr	enquis
entendre	entends|entends|entend|entendons|entendez|entendent	entendr	entendu
entrapercevoir	entraperçois|entraperçois|entraperçoit|entrapercevons|entrapercevez|entraperçoivent	entrapercevr	entraperçu
entrebattre	entrebats|entrebats|entrebat|entrebattons|entrebattez|entrebattent	entrebattr	entrebattu
entredétruire	entredétruis|entredétruis|entredétruit|entredétruisons|entredétruisez|entredétruisent	entredétruir	entredétruit
entremettre	entremets|entremets|entremet|entremettons|entremettez|entremettent	entremettr	entremis
entreprendre	entreprends|entreprends|entreprend|entreprenons|entreprenez|entreprennent	entreprendr	entrepris
entretenir	entretiens|entretiens|entretient|entretenons|entretenez|entretiennent	entretiendr	entretenu
entrevoir	entrevois|entrevois|entrevoit|entrevoyons|entrevoyez|entrevoient	entreverr	entrevu
entrouvrir	entrouvre|entrouvres|entrouvre|entrouvrons|entrouvrez|entrouvrent	entrouvrir	entrouvert
envoyer	envoie|envoies|envoie|envoyons|envoyez|envoient	enverr	envoyé
exclure	exclus|exclus|exclut|excluons|excluez|excluent	exclur	exclu
extraire	extrais|extrais|extrait|extrayons|extrayez|extraient	extrair	extrait
faillir	faux|faux|faut|faillons|faillez|faillent	faillir	failli
faire	fais|fais|fait|faisons|faites|font	fer	fait
falloir	-|-|faut|-|-|-	faudr	fallu	fall
feindre	feins|feins|feint|feignons|feignez|feignent	feindr	feint
fendre	fends|fends|fend|fendons|fendez|fendent	fendr	fendu
fondre	fonds|fonds|fond|fondons|fondez|fondent	fondr	fondu
foutre	fous|fous|fout|foutons|foutez|foutent	foutr	foutu
frire	fris|fris|frit|frisons|frisez|frisent	frir	frit
fuir	fuis|fuis|fuit|fuyons|fuyez|fuient	fuir	fui
fureter	furète|furètes|furète|furetons|furetez|furètent	furèter	fureté
geindre	geins|geins|geint|geignons|geignez|geignent	geindr	geint
geler	gèle|gèles|gèle|gelons|gelez|gèlent	gèler	gelé
greneler	grenèle|grenèles|grenèle|grenelons|grenelez|grenèlent	grenèler	grenelé
grêler	-|-|grêle|-|-|-	grêler	grêlé	grêl
guillemeter	guillemète|guillemètes|guillemète|guillemetons|guillemetez|guillemètent	guillemèter	guillemeté
haleter	halète|halètes|halète|haletons|haletez|halètent	halèter	haleté
harceler	harcèle|harcèles|harcèle|harcelons|harcelez|harcèlent	harcèler	harcelé
haïr	hais|hais|hait|haïssons|haïssez|haïssent	haïr	haï
inclure	inclus|inclus|inclut|incluons|incluez|incluent	inclur	inclu
indexer	indexe|indexes|indexe|indexons|indexez|indexent	indexer	indexé
induire	induis|induis|induit|induisons|induisez|induisent	induir	induit
inscrire	inscris|inscris|inscrit|inscrivons|inscrivez|inscrivent	inscrir	inscrit
instruire	instruis|instruis|instruit|instruisons|instruisez|instruisent	instruir	instruit
interdire	interdis|interdis|interdit|interdisons|interdisez|interdisent	interdir	interdit
interrompre	interromps|interromps|interrompt|interrompons|interrompez|interrompent	interrompr	interrompu
intervenir	interviens|interviens|intervient|intervenons|intervenez|interviennent	interviendr	intervenu
interviewer	interviewe|interviewes|interviewe|interviewons|interviewez|interviewent	interviewer	interviewé
introduire	introduis|introduis|introduit|introduisons|introduisez|introduisent	introduir	introduit
joindre	joins|joins|joint|joignons|joignez|joignent	joindr	joint
lire	lis|lis|lit|lisons|lisez|lisent	lir	lu
luire	luis|luis|luit|luisons|luisez|luisent	luir	luit
maintenir	maintiens|maintiens|maintient|maintenons|maintenez|maintiennent	maintiendr	maintenu
marteler	martèle|martèles|martèle|martelons|martelez|martèlent	martèler	martelé
maudire	maudis|maudis|maudit|maudissons|maudissez|maudissent	maudir	maudit
mentir	mens|mens|ment|mentons|mentez|mentent	mentir	menti
mettre	mets|mets|met|mettons|mettez|mettent	mettr	mis
modeler	modèle|modèles|modèle|modelons|modelez|modèlent	modèler	modelé
mordre	mords|mords|mord|mordons|mordez|mordent	mordr	mordu
morfondre	morfonds|morfonds|morfond|morfondons|morfondez|morfondent	morfondr	morfondu
moudre	mouds|mouds|moud|moulons|moulez|moulent	moudr	moulu
mourir	meurs|meurs|meurt|mourons|mourez|meurent	mourr	mort
mouvoir	meus|meus|meut|mouvons|mouvez|meuvent	mouvr	mû
multiplexer	multiplexe|multiplexes|multiplexe|multiplexons|multiplexez|multiplexent	multiplexer	multiplexé
méconduire	méconduis|méconduis|méconduit|méconduisons|méconduisez|méconduisent	méconduir	méconduit
méconnaître	méconnais|méconnais|méconnaît|méconnaissons|méconnaissez|méconnaissent	méconnaîtr	méconnu
médire	médis|médis|médit|médisons|médisez|médisent	médir	médit
méprendre	méprends|méprends|méprend|méprenons|méprenez|méprennent	méprendr	mépris
naître	nais|nais|naît|naissons|naissez|naissent	naîtr	né
neiger	-|-|neige|-|-|-	neiger	neigé	neige
nickeler	nickèle|nickèles|nickèle|nickelons|nickelez|nickèlent	nickèler	nickelé
nuire	nuis|nuis|nuit|nuisons|nuisez|nuisent	nuir	nui
obtenir	obtiens|obtiens|obtient|obtenons|obtenez|obtiennent	obtiendr	obtenu
obvenir	obviens|obviens|obvient|obvenons|obvenez|obviennent	obviendr	obvenu
occlure	occlus|occlus|occlut|occluons|occluez|occluent	occlur	occlu
offrir	offre|offres|offre|offrons|offrez|offrent	offrir	offert
oindre	oins|oins|oint|oignons|oignez|oignent	oindr	oint
omettre	omets|omets|omet|omettons|omettez|omettent	omettr	omis
ouvrir	ouvre|ouvres|ouvre|ouvrons|ouvrez|ouvrent	ouvrir	ouvert
paraître	parais|parais|paraît|paraissons|paraissez|paraissent	paraîtr	paru
parcourir	parcours|parcours|parcourt|parcourons|parcourez|parcourent	parcourr	parcouru
parfondre	parfonds|parfonds|parfond|parfondons|parfondez|parfondent	parfondr	parfondu
partir	pars|pars|part|partons|partez|partent	partir	parti
parvenir	parviens|parviens|parvient|parvenons|parvenez|parviennent	parviendr	parvenu
peindre	peins|peins|peint|peignons|peignez|peignent	peindr	peint
peler	pèle|pèles|pèle|pelons|pelez|pèlent	pèler	pelé
pendre	pends|pends|pend|pendons|pendez|pendent	pendr	pendu
percevoir	perçois|perçois|perçoit|percevons|percevez|perçoivent	percevr	perçu
perdre	perds|perds|perd|perdons|perdez|perdent	perdr	perdu
permettre	permets|permets|permet|permettons|permettez|permettent	permettr	permis
piqueter	piquète|piquètes|piquète|piquetons|piquetez|piquètent	piquèter	piqueté
plaindre	plains|plains|plaint|plaignons|plaignez|plaignent	plaindr	plaint
plaire	plais|plais|plaît|plaisons|plaisez|plaisent	plair	plu
pleuvoir	-|-|pleut|-|-|-	pleuvr	plu	pleuv
poindre	poins|poins|point|poignons|poignez|poignent	poindr	point
pondre	ponds|ponds|pond|pondons|pondez|pondent	pondr	pondu
pourfendre	pourfends|pourfends|pourfend|pourfendons|pourfendez|pourfendent	pourfendr	pourfendu
poursuivre	poursuis|poursuis|poursuit|poursuivons|poursuivez|poursuivent	poursuivr	poursuivi
pourvoir	pourvois|pourvois|pourvoit|pourvoyons|pourvoyez|pourvoient	pourvoir	pourvu
pouvoir	puis|peux|peut|pouvons|pouvez|peuvent	pourr	pu
prendre	prends|prends|prend|prenons|prenez|prennent	prendr	pris
prescrire	prescris|prescris|prescrit|prescrivons|prescrivez|prescrivent	prescrir	prescrit
pressentir	pressens|pressens|pressent|pressentons|pressentez|pressentent	pressentir	pressenti
produire	produis|produis|produit|produisons|produisez|produisent	produir	produit
promettre	promets|promets|promet|promettons|promettez|promettent	promettr	promis
promouvoir	promeus|promeus|promeut|promouvons|promouvez|promeuvent	promouvr	promu
proscrire	proscris|proscris|proscrit|proscrivons|proscrivez|proscrivent	proscrir	proscrit
provenir	proviens|proviens|provient|provenons|provenez|proviennent	proviendr	provenu
préacheter	préachète|préachètes|préachète|préachetons|préachetez|préachètent	préachèter	préacheté
préconcevoir	préconçois|préconçois|préconçoit|préconcevons|préconcevez|préconçoivent	préconcevr	préconçu
préconstruire	préconstruis|préconstruis|préconstruit|préconstruisons|préconstruisez|préconstruisent	préconstruir	préconstruit
prédire	prédis|prédis|prédit|prédisons|prédisez|prédisent	prédir	prédit
prétendre	prétends|prétends|prétend|prétendons|prétendez|prétendent	prétendr	prétendu
prévaloir	prévaux|prévaux|prévaut|prévalons|prévalez|prévalent	prévaudr	prévalu
prévenir	préviens|préviens|prévient|prévenons|prévenez|préviennent	préviendr	prévenu
prévoir	prévois|prévois|prévoit|prévoyons|prévoyez|prévoient	prévoir	prévu
rabattre	rabats|rabats|rabat|rabattons|rabattez|rabattent	rabattr	rabattu
racheter	rachète|rachètes|rachète|rachetons|rachetez|rachètent	rachèter	racheté
raller	rvais|rvas|rva|rallons|rallez|rvont	rir	rallé
rapprendre	rapprends|rapprends|rapprend|rapprenons|rapprenez|rapprennent	rapprendr	rappris
rasseoir	rassois|rassois|rassoit|rassoyons|rassoyez|rassoient	rassoir	rassis
rebattre	rebats|rebats|rebat|rebattons|rebattez|rebattent	rebattr	rebattu
reboire	rebois|rebois|reboit|rebuvons|rebuvez|reboivent	reboir	rebu
receler	recèle|recèles|recèle|recelons|recelez|recèlent	recèler	recelé
recevoir	reçois|reçois|reçoit|recevons|recevez|reçoivent	recevr	reçu
reclure	reclus|reclus|reclut|recluons|recluez|recluent	reclur	reclu
reconduire	reconduis|reconduis|reconduit|reconduisons|reconduisez|reconduisent	reconduir	reconduit
reconnaître	reconnais|reconnais|reconnaît|reconnaissons|reconnaissez|reconnaissent	reconnaîtr	reconnu
reconquérir	reconquiers|reconquiers|reconquiert|reconquérons|reconquérez|reconquièrent	reconquerr	reconquis
reconstruire	reconstruis|reconstruis|reconstruit|reconstruisons|reconstruisez|reconstruisent	reconstruir	reconstruit
recoudre	recouds|recouds|recoud|recousons|recousez|recousent	recoudr	recousu
recourir	recours|recours|recourt|recourons|recourez|recourent	recourr	recouru
recouvrir	recouvre|recouvres|recouvre|recouvrons|recouvrez|recouvrent	recouvrir	recouvert
recroître	recrois|recrois|recroît|recroissons|recroissez|recroissent	recroîtr	recrû
recueillir	recueille|recueilles|recueille|recueillons|recueillez|recueillent	recueiller	recueilli
recuire	recuis|recuis|recuit|recuisons|recuisez|recuisent	recuir	recuit
redescendre	redescends|redescends|redescend|redescendons|redescendez|redescendent	redescendr	redescendu
redevenir	redeviens|redeviens|redevient|redevenons|redevenez|redeviennent	redeviendr	redevenu
redevoir	redois|redois|redoit|redevons|redevez|redoivent	redevr	redû
redire	redis|redis|redit|redisons|redites|redisent	redir	redit
redormir	redors|redors|redort|redormons|redormez|redorment	redormir	redormi
redécouvrir	redécouvre|redécouvres|redécouvre|redécouvrons|redécouvrez|redécouvrent	redécouvrir	redécouvert
redécrire	redécris|redécris|redécrit|redécrivons|redécrivez|redécrivent	redécrir	redécrit
redéfaire	redéfais|redéfais|redéfait|redéfaisons|redéfaites|redéfont	redéfer	redéfait
refaire	refais|refais|refait|refaisons|refaites|refont	refer	refait
refendre	refends|refends|refend|refendons|refendez|refendent	refendr	refendu
refondre	refonds|refonds|refond|refondons|refondez|refondent	refondr	refondu
regeler	regèle|regèles|regèle|regelons|regelez|regèlent	regèler	regelé
rejoindre	rejoins|rejoins|rejoint|rejoignons|rejoignez|rejoignent	rejoindr	rejoint
relire	relis|relis|relit|relisons|relisez|relisent	relir	relu
reluire	reluis|reluis|reluit|reluisons|reluisez|reluisent	reluir	reluit
remettre	remets|remets|remet|remettons|remettez|remettent	remettr	remis
remodeler	remodèle|remodèles|remodèle|remodelons|remodelez|remodèlent	remodèler	remodelé
remordre	remords|remords|remord|remordons|remordez|remordent	remordr	remordu
remoudre	remouds|remouds|remoud|remoulons|remoulez|remoulent	remoudr	remoulu
rempaqueter	rempaquète|rempaquètes|rempaquète|rempaquetons|rempaquetez|rempaquètent	rempaquèter	rempaqueté
renaître	renais|renais|renaît|renaissons|renaissez|renaissent	renaîtr	rené
rendormir	rendors|rendors|rendort|rendormons|rendormez|rendorment	rendormir	rendormi
rendre	rends|rends|rend|rendons|rendez|rendent	rendr	rendu
rentraire	rentrais|rentrais|rentrait|rentrayons|rentrayez|rentraient	rentrair	rentrait
renvoyer	renvoie|renvoies|renvoie|renvoyons|renvoyez|renvoient	renverr	renvoyé
reparaître	reparais|reparais|reparaît|reparaissons|reparaissez|reparaissent	reparaîtr	reparu
reparcourir	reparcours|reparcours|reparcourt|reparcourons|reparcourez|reparcourent	reparcourr	reparcouru
repartir	repars|repars|repart|repartons|repartez|repartent	repartir	reparti
repaître	repais|repais|repaît|repaissons|repaissez|repaissent	repaîtr	repu
repeindre	repeins|repeins|repeint|repeignons|repeignez|repeignent	repeindr	repeint
rependre	repends|repends|repend|rependons|rependez|rependent	rependr	rependu
repentir	repens|repens|repent|repentons|repentez|repentent	repentir	repenti
reperdre	reperds|reperds|reperd|reperdons|reperdez|reperdent	reperdr	reperdu
reprendre	reprends|reprends|reprend|reprenons|reprenez|reprennent	reprendr	repris
reproduire	reproduis|reproduis|reproduit|reproduisons|reproduisez|reproduisent	reproduir	reproduit
requérir	requiers|requiers|requiert|requérons|requérez|requièrent	requerr	requis
ressentir	ressens|ressens|ressent|ressentons|ressentez|ressentent	ressentir	ressenti
resservir	ressers|ressers|ressert|resservons|resservez|resservent	resservir	resservi
ressortir	ressortis|ressortis|ressortit|ressortons|ressortissez|ressortissent	ressortir	ressorti	ressortiss
ressouvenir	ressouviens|ressouviens|ressouvient|ressouvenons|ressouvenez|ressouviennent	ressouviendr	ressouvenu
restreindre	restreins|restreins|restreint|restreignons|restreignez|restreignent	restreindr	restreint
reteindre	reteins|reteins|reteint|reteignons|reteignez|reteignent	reteindr	reteint
retendre	retends|retends|retend|retendons|retendez|retendent	retendr	retendu
retenir	retiens|retiens|retient|retenons|retenez|retiennent	retiendr	retenu
retordre	retords|retords|retord|retordons|retordez|retordent	retordr	retordu
retraduire	retraduis|retraduis|retraduit|retraduisons|retraduisez|retraduisent	retraduir	retraduit
retranscrire	retranscris|retranscris|retranscrit|retranscrivons|retranscrivez|retranscrivent	retranscrir	retranscrit
retransmettre	retransmets|retransmets|retransmet|retransmettons|retransmettez|retransmettent	retransmettr	retransmis
retreindre	retreins|retreins|retreint|retreignons|retreignez|retreignent	retreindr	retreint
revaloir	revaux|revaux|revaut|revalons|revalez|revalent	revaudr	revalu
revendre	revends|revends|revend|revendons|revendez|revendent	revendr	revendu
revenir	reviens|reviens|revient|revenons|revenez|reviennent	reviendr	revenu
revivre	revis|revis|revit|revivons|revivez|revivent	revivr	revécu
revoir	revois|revois|revoit|revoyons|revoyez|revoient	reverr	revu
revêtir	revêts|revêts|revêtit|revêtons|revêtez|revêtent	revêtir	revêtu
rire	ris|ris|rit|rions|riez|rient	rir	ri
rompre	romps|romps|rompt|rompons|rompez|rompent	rompr	rompu
rouvrir	rouvre|rouvres|rouvre|rouvrons|rouvrez|rouvrent	rouvrir	rouvert
réadmettre	réadmets|réadmets|réadmet|réadmettons|réadmettez|réadmettent	réadmettr	réadmis
réapparaître	réapparais|réapparais|réapparaît|réapparaissons|réapparaissez|réapparaissent	réapparaîtr	réapparu
réapprendre	réapprends|réapprends|réapprend|réapprenons|réapprenez|réapprennent	réapprendr	réappris
récrire	récris|récris|récrit|récrivons|récrivez|récrivent	récrir	récrit
réduire	réduis|réduis|réduit|réduisons|réduisez|réduisent	réduir	réduit
réentendre	réentends|réentends|réentend|réentendons|réentendez|réentendent	réentendr	réentendu
réinscrire	réinscris|réinscris|réinscrit|réinscrivons|réinscrivez|réinscrivent	réinscrir	réinscrit
réintroduire	réintroduis|réintroduis|réintroduit|réintroduisons|réintroduisez|réintroduisent	réintroduir	réintroduit
réouvrir	réouvre|réouvres|réouvre|réouvrons|réouvrez|réouvrent	réouvrir	réouvert
répandre	répands|répands|répand|répandons|répandez|répandent	répandr	répandu
répondre	réponds|réponds|répond|répondons|répondez|répondent	répondr	répondu
résoudre	résous|résous|résout|résolvons|résolvez|résolvent	résoudr	résous
rétreindre	rétreins|rétreins|rétreint|rétreignons|rétreignez|rétreignent	rétreindr	rétreint
réécrire	réécris|réécris|réécrit|réécrivons|réécrivez|réécrivent	réécrir	réécrit
réélire	réélis|réélis|réélit|réélisons|réélisez|réélisent	réélir	réélu
réémettre	réémets|réémets|réémet|réémettons|réémettez|réémettent	réémettr	réémis
saillir	saillis|saillis|saillit|saillons|saillissez|saillissent	saillir	sailli	sailliss
satisfaire	satisfais|satisfais|satisfait|satisfaisons|satisfaites|satisfont	satisfer	satisfait
savoir	sais|sais|sait|savons|savez|savent	saur	su
secourir	secours|secours|secourt|secourons|secourez|secourent	secourr	secouru
sentir	sens|sens|sent|sentons|sentez|sentent	sentir	senti
servir	sers|sers|sert|servons|servez|servent	servir	servi
sortir	sors|sors|sort|sortons|sortez|sortent	sortir	sorti
souffrir	souffre|souffres|souffre|souffrons|souffrez|souffrent	souffrir	souffert
soumettre	soumets|soumets|soumet|soumettons|soumettez|soumettent	soumettr	soumis
sourire	souris|souris|sourit|sourions|souriez|sourient	sourir	souri
sous-entendre	sous-entends|sous-entends|sous-entend|sous-entendons|sous-entendez|sous-entendent	sous-entendr	sous-entendu
souscrire	souscris|souscris|souscrit|souscrivons|souscrivez|souscrivent	souscrir	souscrit
soustendre	soustends|soustends|soustend|soustendons|soustendez|soustendent	soustendr	soustendu
soustraire	soustrais|soustrais|soustrait|soustrayons|soustrayez|soustraient	soustrair	soustrait
soutenir	soutiens|soutiens|soutient|soutenons|soutenez|soutiennent	soutiendr	soutenu
souvenir	souviens|souviens|souvient|souvenons|souvenez|souviennent	souviendr	souvenu
subvenir	subviens|subviens|subvient|subvenons|subvenez|subviennent	subviendr	subvenu
suffire	suffis|suffis|suffit|suffisons|suffisez|suffisent	suffir	suffi
suivre	suis|suis|suit|suivons|suivez|suivent	suivr	suivi
surfaire	surfais|surfais|surfait|surfaisons|surfaites|surfont	surfer	surfait
surgeler	surgèle|surgèles|surgèle|surgelons|surgelez|surgèlent	surgèler	surgelé
surprendre	surprends|surprends|surprend|surprenons|surprenez|surprennent	surprendr	surpris
surproduire	surproduis|surproduis|surproduit|surproduisons|surproduisez|surproduisent	surproduir	surproduit
survenir	surviens|surviens|survient|survenons|survenez|surviennent	surviendr	survenu
survivre	survis|survis|survit|survivons|survivez|survivent	survivr	survécu
suspendre	suspends|suspends|suspend|suspendons|suspendez|suspendent	suspendr	suspendu
séduire	séduis|séduis|séduit|séduisons|séduisez|séduisent	séduir	séduit
taire	tais|tais|taît|taisons|taisez|taisent	tair	tu
teindre	teins|teins|teint|teignons|teignez|teignent	teindr	teint
tendre	tends|tends|tend|tendons|tendez|tendent	tendr	tendu
tenir	tiens|tiens|tient|tenons|tenez|tiennent	tiendr	tenu
tondre	tonds|tonds|tond|tondons|tondez|tondent	tondr	tondu
tordre	tords|tords|tord|tordons|tordez|tordent	tordr	tordu
traduire	traduis|traduis|traduit|traduisons|traduisez|traduisent	traduir	traduit
traire	trais|trais|trait|trayons|trayez|traient	trair	trait
transcrire	transcris|transcris|transcrit|transcrivons|transcrivez|transcrivent	transcrir	transcrit
transmettre	transmets|transmets|transmet|transmettons|transmettez|transmettent	transmettr	transmis
transparaître	transparais|transparais|transparaît|transparaissons|transparaissez|transparaissent	transparaîtr	transparu
tressaillir	tressaille|tressailles|tressaille|tressaillons|tressaillez|tressaillent	tressaillir	tressailli
télexer	télexe|télexes|télexe|télexons|télexez|télexent	télexer	télexé
vaincre	vaincs|vaincs|vainc|vainquons|vainquez|vainquent	vaincr	vaincu
valoir	vaux|vaux|vaut|valons|valez|valent	vaudr	valu
vendre	vends|vends|vend|vendons|vendez|vendent	vendr	vendu
venir	viens|viens|vient|venons|venez|viennent	viendr	venu
vermoudre	vermouds|vermouds|vermoud|vermoulons|vermoulez|vermoulent	vermoudr	vermoulu
vexer	vexe|vexes|vexe|vexons|vexez|vexent	vexer	vexé
vivre	vis|vis|vit|vivons|vivez|vivent	vivr	vécu
voir	vois|vois|voit|voyons|voyez|voient	verr	vu
vouloir	veux|veux|veut|voulons|voulez|veulent	voudr	voulu
vêtir	vêts|vêts|vêtit|vêtons|vêtez|vêtent	vêtir	vêtu
ébattre	ébats|ébats|ébat|ébattons|ébattez|ébattent	ébattr	ébattu
écarteler	écartèle|écartèles|écartèle|écartelons|écartelez|écartèlent	écartèler	écartelé
éconduire	éconduis|éconduis|éconduit|éconduisons|éconduisez|éconduisent	éconduir	éconduit
écrire	écris|écris|écrit|écrivons|écrivez|écrivent	écrir	écrit
élire	élis|élis|élit|élisons|élisez|élisent	élir	élu
émettre	émets|émets|émet|émettons|émettez|émettent	émettr	émis
émoudre	émouds|émouds|émoud|émoulons|émoulez|émoulent	émoudr	émoulu
émouvoir	émeus|émeus|émeut|émouvons|émouvez|émeuvent	émouvr	ému
énamourer	énameure|énameures|énameure|énamourons|énamourez|énameurent	énamourer	énamouré
épandre	épands|épands|épand|épandons|épandez|épandent	épandr	épandu
éperdre	éperds|éperds|éperd|éperdons|éperdez|éperdent	éperdr	éperdu
épreindre	épreins|épreins|épreint|épreignons|épreignez|épreignent	épreindr	épreint
éprendre	éprends|éprends|éprend|éprenons|éprenez|éprennent	éprendr	épris
équivaloir	équivaux|équivaux|équivaut|équivalons|équivalez|équivalent	équivaudr	équivalu
éteindre	éteins|éteins|éteint|éteignons|éteignez|éteignent	éteindr	éteint
étendre	étends|étends|étend|étendons|étendez|étendent	étendr	étendu
étreindre	étreins|étreins|étreint|étreignons|étreignez|étreignent	étreindr	étreint
être	suis|es|est|sommes|êtes|sont	ser	été	ét
